Sample,ArcFace,CLIP,LPIPS,Style_Before,Style_After,Style_Improvement
Sample 1,0.93,0.88,0.12,7.1,9.0,1.9000000000000004
Sample 2,0.9,0.84,0.15,6.8,8.8,2.000000000000001
Sample 3,0.91,0.86,0.13,7.3,9.2,1.8999999999999995
Sample 4,0.94,0.89,0.11,6.5,8.5,2.0
Sample 5,0.89,0.83,0.16,7.0,8.9,1.9000000000000004
